Manufacturer Type (Type de fabricant),Manufacturer Name (Nom du fabricant),Manufacturer's Brand (Marque du fabricant)
Beer Manufacturer,Beau's All Natural Brewing Co.,Lugtread Lagered Ale
Beer Manufacturer,Big Rock Brewery,Citradelic Single Hop Citra IPA
Beer Manufacturer,Big Rock Brewery,Grasshopper - Kristallweizen - Wheat Ale
Beer Manufacturer,Big Rock Brewery,Pilsner Czech Style
Beer Manufacturer,Big Rock Brewery,Warthog English Style Mild Ale
Beer Manufacturer,Big Rock Brewery,Traditional Ale - English-Style Brown Ale
Beer Manufacturer,Big Rock Brewery,Rhinestone Cowboy Kolsch
Beer Manufacturer,Brick Brewing Co. Limited,Formosa Springs Draft
Beer Manufacturer,Brick Brewing Co. Limited,Formosa Springs Light
Beer Manufacturer,Brick Brewing Co. Limited,Laker Ale
Beer Manufacturer,Brick Brewing Co. Limited,Laker Honey
Beer Manufacturer,Brick Brewing Co. Limited,Laker Ice
Beer Manufacturer,Brick Brewing Co. Limited,Laker Lager
Beer Manufacturer,Brick Brewing Co. Limited,Laker Light
Beer Manufacturer,Brick Brewing Co. Limited,Laker Red
Beer Manufacturer,Brick Brewing Co. Limited,Laker Strong
Beer Manufacturer,Brick Brewing Co. Limited,Red Baron
Beer Manufacturer,Brick Brewing Co. Limited,Red Baron Light
Beer Manufacturer,Brick Brewing Co. Limited,Red Baron Lime
Beer Manufacturer,Brick Brewing Co. Limited,Red Cap
Beer Manufacturer,Brick Brewing Co. Limited,Waterloo Dark
Beer Manufacturer,Brick Brewing Co. Limited,Waterloo Wheat
Beer Manufacturer,Creemore Springs Brewery Ltd.,Keller
Beer Manufacturer,Creemore Springs Brewery Ltd.,Lager
Beer Manufacturer,Creemore Springs Brewery Ltd.,Pilsner
Beer Manufacturer,Creemore Springs Brewery Ltd.,Urbock
Beer Manufacturer,Hogtown Brewers Inc.,Hogtown Ale
Beer Manufacturer,Labatt Breweries,Blue
Beer Manufacturer,Labatt Breweries,Blue Light
Beer Manufacturer,Labatt Breweries,Bud Light
Beer Manufacturer,Labatt Breweries,Budweiser
Beer Manufacturer,Labatt Breweries,Busch
Beer Manufacturer,Labatt Breweries,Busch Light
Beer Manufacturer,Labatt Breweries,Crystal
Beer Manufacturer,Labatt Breweries,Double Blue
Beer Manufacturer,Labatt Breweries,Guinness Extra Stout
Beer Manufacturer,Labatt Breweries,Labatt 50 Ale
Beer Manufacturer,Labatt Breweries,Labatt Extra Dry
Beer Manufacturer,Labatt Breweries,Labatt Genuine Honey
Beer Manufacturer,Labatt Breweries,Labatt Genuine Lager
Beer Manufacturer,Labatt Breweries,Labatt Ice
Beer Manufacturer,Labatt Breweries,Lucky Lager
Beer Manufacturer,Labatt Breweries,Lucky Light
Beer Manufacturer,Labatt Breweries,Maximum Ice
Beer Manufacturer,Labatt Breweries,Micks Red
Beer Manufacturer,Labatt Breweries,Sterling
Beer Manufacturer,Labatt Breweries,Team Bud
Beer Manufacturer,Labatt Breweries,Wildcat Lager
Beer Manufacturer,Labatt Breweries,Wildcat Strong
Beer Manufacturer,Lakeport Brewing Corp.,Brava
Beer Manufacturer,Lakeport Brewing Corp.,Lakeport Honey Lager
Beer Manufacturer,Lakeport Brewing Corp.,Lakeport Ice
Beer Manufacturer,Lakeport Brewing Corp.,Lakeport Light
Beer Manufacturer,Lakeport Brewing Corp.,Lakeport Pilsner
Beer Manufacturer,Lakeport Brewing Corp.,Lakeport Red
Beer Manufacturer,Lakeport Brewing Corp.,Lakeport Strong
Beer Manufacturer,Lakeport Brewing Corp.,Steeler
Beer Manufacturer,Lakes of Muskoka Cottage Brewery,Muskoka Premium Lager
Beer Manufacturer,Mill Street Brewery,Belgian Wit
Beer Manufacturer,Mill Street Brewery,Coffee Porter
Beer Manufacturer,Mill Street Brewery,Mill Street Stock Ale
Beer Manufacturer,Mill Street Brewery,Original Organic Lager
Beer Manufacturer,Mill Street Brewery,Tankhouse Ale
Beer Manufacturer,Molson Breweries,Black Ice
Beer Manufacturer,Molson Breweries,Black Label
Beer Manufacturer,Molson Breweries,Black Label Supreme
Beer Manufacturer,Molson Breweries,Bohemian
Beer Manufacturer,Molson Breweries,Brador
Beer Manufacturer,Molson Breweries,Canadian
Beer Manufacturer,Molson Breweries,Canadian Coldshot
Beer Manufacturer,Molson Breweries,Canadian Ice
Beer Manufacturer,Molson Breweries,Canadian Light
Beer Manufacturer,Molson Breweries,Carling Ice
Beer Manufacturer,Molson Breweries,Carling Lager
Beer Manufacturer,Molson Breweries,Carling Light
Beer Manufacturer,Molson Breweries,Carling Mixer
Beer Manufacturer,Molson Breweries,Coors Light
Beer Manufacturer,Molson Breweries,Dave's Honey Brown Lager
Beer Manufacturer,Molson Breweries,Dave's Island Stinger
Beer Manufacturer,Molson Breweries,Dave's Spiked Lemonade
Beer Manufacturer,Molson Breweries,Dry
Beer Manufacturer,Molson Breweries,Export
Beer Manufacturer,Molson Breweries,Fosters
Beer Manufacturer,Molson Breweries,Get2gether
Beer Manufacturer,Molson Breweries,Golden
Beer Manufacturer,Molson Breweries,Keystone Light
Beer Manufacturer,Molson Breweries,Miller Genuine Draft
Beer Manufacturer,Molson Breweries,Miller High Life
Beer Manufacturer,Molson Breweries,Miller Lite
Beer Manufacturer,Molson Breweries,Milwaukee's Best
Beer Manufacturer,Molson Breweries,Molson Canadian 67
Beer Manufacturer,Molson Breweries,Molson Dry
Beer Manufacturer,Molson Breweries,Molson Stock Ale
Beer Manufacturer,Molson Breweries,Molson XXX
Beer Manufacturer,Molson Breweries,Old Vienna
Beer Manufacturer,Molson Breweries,Pleasure Pack
Beer Manufacturer,Molson Breweries,Rickards
Beer Manufacturer,Molson Breweries,Rickards Dark
Beer Manufacturer,Molson Breweries,Rickards Honey Brown
Beer Manufacturer,Molson Breweries,Rickards India
Beer Manufacturer,Molson Breweries,Rickards Original White
Beer Manufacturer,Molson Breweries,Rickards Pale Ale
Beer Manufacturer,Molson Breweries,Rickards Red
Beer Manufacturer,Molson Breweries,Rickards Red & White
Beer Manufacturer,Molson Breweries,Rickards Taster Pack
Beer Manufacturer,Molson Breweries,Stock Ale
Beer Manufacturer,Molson Breweries,XXX
Beer Manufacturer,Moosehead Breweries Limited,Cold Filtered Light
Beer Manufacturer,Moosehead Breweries Limited,Gritstone Ale
Beer Manufacturer,Moosehead Breweries Limited,Honey Brown Ale
Beer Manufacturer,Moosehead Breweries Limited,James Ready
Beer Manufacturer,Moosehead Breweries Limited,James Ready Light
Beer Manufacturer,Moosehead Breweries Limited,James Ready Original Ale
Beer Manufacturer,Moosehead Breweries Limited,Millstone Light
Beer Manufacturer,Moosehead Breweries Limited,Millstone Trapper
Beer Manufacturer,Moosehead Breweries Limited,Moosehead Cracked Canoe
Beer Manufacturer,Moosehead Breweries Limited,Moosehead Lager
Beer Manufacturer,Moosehead Breweries Limited,Moosehead Light
Beer Manufacturer,Moosehead Breweries Limited,Moosehead Light Lime
Beer Manufacturer,Moosehead Breweries Limited,Moosehead Pale Ale
Beer Manufacturer,Moosehead Breweries Limited,Niagara Pale Ale
Beer Manufacturer,Sleeman Breweries Ltd.,Maclays
Beer Manufacturer,Sleeman Breweries Ltd.,Okanagan Spring Pale Ale
Beer Manufacturer,Sleeman Breweries Ltd.,Old Milwaukee
Beer Manufacturer,Sleeman Breweries Ltd.,Old Milwaukee Dry
Beer Manufacturer,Sleeman Breweries Ltd.,Old Milwaukee Light
Beer Manufacturer,Sleeman Breweries Ltd.,Pabst Blue Ribbon
Beer Manufacturer,Sleeman Breweries Ltd.,Pabst Blue Ribbon Honey
Beer Manufacturer,Sleeman Breweries Ltd.,Pabst Blue Ribbon Light
Beer Manufacturer,Sleeman Breweries Ltd.,Red Bull
Beer Manufacturer,Sleeman Breweries Ltd.,Sapporo
Beer Manufacturer,Sleeman Breweries Ltd.,Schlitz Strong
Beer Manufacturer,Sleeman Breweries Ltd.,Sleeman Clear
Beer Manufacturer,Sleeman Breweries Ltd.,Sleeman Cream Ale
Beer Manufacturer,Sleeman Breweries Ltd.,Sleeman Fine Porter
Beer Manufacturer,Sleeman Breweries Ltd.,Sleeman Honey Brown Lager
Beer Manufacturer,Sleeman Breweries Ltd.,Sleeman India Pale Ale
Beer Manufacturer,Sleeman Breweries Ltd.,Sleeman Light
Beer Manufacturer,Sleeman Breweries Ltd.,Sleeman Original Dark
Beer Manufacturer,Sleeman Breweries Ltd.,Sleeman Original Draught
Beer Manufacturer,Sleeman Breweries Ltd.,Sleeman Premium Light
Beer Manufacturer,Sleeman Breweries Ltd.,Sleeman Selection
Beer Manufacturer,Sleeman Breweries Ltd.,Sleeman Silver Creek Lager
Beer Manufacturer,Sleeman Breweries Ltd.,Strohs
Beer Manufacturer,Sleeman Breweries Ltd.,Unibrou Blanche De Chambly
Beer Manufacturer,Sleeman Breweries Ltd.,Unibroue Collection
Beer Manufacturer,Sleeman Breweries Ltd.,"Unibroue La Fin, Unibroue"
Beer Manufacturer,Sleeman Breweries Ltd.,Unibroue Trois
Beer Manufacturer,Sleeman Breweries Ltd.,Upper Canada
Beer Manufacturer,Sleeman Breweries Ltd.,Upper Canada Lager
Beer Manufacturer,Sleeman Breweries Ltd.,Upper Canada Light Lager
Beer Manufacturer,Sleeman Breweries Ltd.,Upper Canada Pale Ale
Beer Manufacturer,Sleeman Breweries Ltd.,Upper Canada Point Nine
Beer Manufacturer,Sleeman Breweries Ltd.,Upper Canada Red
Beer Manufacturer,Sleeman Breweries Ltd.,Upper Canada Wheat
Beer Manufacturer,Steam Whistle Brewing,Steam Whistle
Beer Manufacturer,Sweetgrass Brewing Company,Golden Ale
Microbrewer,1300301 Ontario Limited o/a Amber Brewery,
Microbrewer,1451285 ONTARIO LTD.,Dragula
Microbrewer,1451285 ONTARIO LTD.,Headlight
Microbrewer,1451285 ONTARIO LTD.,Model A
MIcrobrewer,1451285 ONTARIO LTD.,C-hop Top I.P.A.
Microbrewer,1451285 ONTARIO LTD.,Fast Eddy's Gold
Microbrewer,1451285 ONTARIO LTD.,M.C.A. Lager
Microbrewer,1451285 ONTARIO LTD.,Jalopy Jalapeno Ale
Microbrewer,1451285 ONTARIO LTD.,Wanker ESB
Microbrewer,1451285 ONTARIO LTD.,Rider Cream Ales
Microbrewer,1885801 Ontario Inc. o/a Bancroft Brewery,
Microbrewer,1886923 Ontario Ltd. o/a Mash Paddle Brewing Co.,
Microbrewer,1903294 Ontario Inc. o/a Sandwich Brewing Company,
Microbrewer,1918294 Ontario Ltd. o/a Presq'uile Brewery,
Microbrewer,"2234685 Ontario Inc., o/a Niagara Brewing Company",Niagara Premium Lager
Microbrewer,"2234685 Ontario Inc., o/a Niagara Brewing Company",Amber Eh
Microbrewer,"2234685 Ontario Inc., o/a Niagara Brewing Company",Beer Devil IPA
Microbrewer,"2234685 Ontario Inc., o/a Niagara Brewing Company",Honeymoon Peach Radler
Microbrewer,2235540 Ontario Inc. o/a The Old Mill Pub at Ashton,
Microbrewer,2401155 Ontario Inc. o/a Burdock,Burdock IPA
Microbrewer,2401155 Ontario Inc. o/a Burdock,Burdock Saison
Microbrewer,2401155 Ontario Inc. o/a Burdock,Burdock Pilsner
Microbrewer,2401155 Ontario Inc. o/a Burdock,Burdock Table Beer
Microbrewer,2401155 Ontario Inc. o/a Burdock,Burdock Black
Microbrewer,2401155 Ontario Inc. o/a Burdock,Burdock Red
Microbrewer,2401155 Ontario Inc. o/a Burdock,Burdock Orange
Microbrewer,2401155 Ontario Inc. o/a Burdock,Burdock Beige
Microbrewer,2420191 ONTARIO INC. o/a O-FRESH BREWERY,Lager Beer (Ofresh)
Microbrewer,2423891 Ontario Inc. o/a North Bay Beerworks,
Microbrewer,2446039 Ontario Inc.,Hendersons Best
Microbrewer,2446039 Ontario Inc.,Food Truck Beer
Microbrewer,2446039 Ontario Inc.,Union Pearson Ale
Microbrewer,2446039 Ontario Inc.,The Ides Series
Microbrewer,2475789 Ontario Inc. o/a Southpaw Beverage Company,
Microbrewer,2506449 Ontario Inc. o/a Wooden Horse Brewing Co.,
Microbrewer,2510530 Ontario Inc. o/a Northern Maverick Gastro Brewery,
Microbrewer,2516202 Ontario Inc. o/a Kingsville Brewing Co.,Whisky Stout
Microbrewer,4 Aces Consulting Ltd. o/a Bomb Brewing Company,
Microbrewer,5 Paddles Brewing Company Inc.,Midnight Paddler
Microbrewer,5 Paddles Brewing Company Inc.,Hot Pants IPA
Microbrewer,5 Paddles Brewing Company Inc.,Badass Pale Ale
Microbrewer,5 Paddles Brewing Company Inc.,So We Opened a Brewery
Microbrewer,5 Paddles Brewing Company Inc.,Dog Days of Summer
Microbrewer,5 Paddles Brewing Company Inc.,Home Sweet Home
Microbrewer,5 Paddles Brewing Company Inc.,Lazy Days
Microbrewer,555 Brewing Corporation o/a 555 Brewing Co.,
Microbrewer,7561393 Canada Inc. o/a Kings Town Beer Company,
Microbrewer,"8498784 Canada Inc., Bierbrier",Bierbrier Ale
Microbrewer,"8498784 Canada Inc., Bierbrier",Bierbrier Pilsner
Microbrewer,9110224 Canada Corporation o/a Walsh WiltshireBrewing Co.,
Microbrewer,9181563 Canada Inc. o/a Bandit Brewery,
Microbrewer,Abe Erb Brew Co.,Kolsch - 1857
Microbrewer,Abe Erb Brew Co.,Hefeweisen - Das Sprtizhaus
Microbrewer,Abe Erb Brew Co.,"India Pale Ale, Buggy Whip"
Microbrewer,Ace Hill Beer Company Inc.,
Microbrewer,Adrian Vernon Homer o/a Homer's,Homer's Premium Lager
Microbrewer,All Or Nothing Brewhouse Inc.,
Microbrewer,All or Nothing Brewhouse Inc. o/a All or Nothing Brewhouse,All or Nothing Hopfenweisse
Microbrewer,Amsterdam Brewing Company,Amsterdam Big Wheel
Microbrewer,Amsterdam Brewing Company,Amsterdam Blonde Beer
Microbrewer,Amsterdam Brewing Company,Amsterdam Frambois
Microbrewer,Amsterdam Brewing Company,Amsterdam Natural Blonde Lager
Microbrewer,Amsterdam Brewing Company,Amsterdam Natural Light
Microbrewer,Amsterdam Brewing Company,Amsterdam Nut Brown Ale
Microbrewer,Amsterdam Brewing Company,Amsterdam Pomegranate Wheat Beer
Microbrewer,Amsterdam Brewing Company,Kawartha Cream Ale
Microbrewer,Amsterdam Brewing Company,Kawartha Lakes Nut Brown
Microbrewer,Amsterdam Brewing Company,Kawartha Premium Pale Ale
Microbrewer,Amsterdam Brewing Company,Kawartha Raspberry Wheat
Microbrewer,Amsterdam Brewing Company,Orangeweisse Wheat
Microbrewer,Amsterdam Brewing Company,The Stout
Microbrewer,Amsterdam Brewing Company,Tilted Kilt
Microbrewer,Anderson Craft Ales Ltd.,
Microbrewer,Arch Brewing Company Inc.,Dinner Jacket O'Red IPA
Microbrewer,Bad Apple Brewing Company Ltd.,
Microbrewer,Bamboo Beer Limited,Bamboo Beer
Microbrewer,Bamboo Beer Limited,Bamboo Ale
Microbrewer,Bamboo Beer Limited,Bamboo Lager
Microbrewer,Bamboo Beer Limited,Bamboo Light
Microbrewer,Barley Days Brewery,Harvest Gold Pale Ale
Microbrewer,Barley Days Brewery,Loyalist Lager
Microbrewer,Barley Days Brewery,Sugar Shack Ale(seasonal)
Microbrewer,Barley Days Brewery,Three Horse Hitch(seasonal)
Microbrewer,Barley Days Brewery,Wind & Sail Dark Ale
Microbrewer,Barley Days Brewery,Yuletide Cherry Porter(seasonal)
Microbrewer,Barncat Artisan Ales Inc.,
Microbrewer,Barnstormer Brewing and Pizzeria,Barnstormer Brewing
Microbrewer,Bayside Brewing Co. Limited,Bayside Lager
Microbrewer,Bayside Brewing Co. Limited,Bayside Light
Microbrewer,Bayside Brewing Co. Limited,Bayside Clasic
Microbrewer,Beauty Brewing Co.,
Microbrewer,Bell City Brewing Company Inc.,Eureka Cream Ale
Microbrewer,Bell City Brewing Company Inc.,Lenoir Golden Ale
Microbrewer,Bellwoods Brewery Inc.,Belgian Dubbel
Microbrewer,Bellwoods Brewery Inc.,American Imperial IPA
Microbrewer,Bellwoods Brewery Inc.,Baltic Porter
Microbrewer,"Bevin Palmateer, Brew",Brew Unfiltered
Microbrewer,Beyond the Pale Brewing Company,India Pale Ale
Microbrewer,Beyond the Pale Brewing Company,Stout
Microbrewer,Beyond the Pale Brewing Company,Wheat Beer
Microbrewer,BICYCLE CRAFT BREWERY INC.,Belle River Blonde
Microbrewer,BICYCLE CRAFT BREWERY INC.,Velocipede India Pale Ale
Microbrewer,BICYCLE CRAFT BREWERY INC.,Base Camp Oatmeal Porter
Microbrewer,BICYCLE CRAFT BREWERY INC.,Abyss Chocolate Stout
Microbrewer,Big Rideau Brewing Company Inc.,
Microbrewer,Big Rig Brewery,Big Rig Redeau Red
Microbrewer,Big Rig Brewery,Big Rig Gold
Microbrewer,Big Rig Brewery,Big Rig Byward Brown
Microbrewer,Big Rig Brewery,Big Rig Indian Pale Ale
Microbrewer,Big Rig Brewery,Big Rig Stud Stout
Microbrewer,Big Rig Brewery,Big Rig Gold
Microbrewer,Big Rig Brewery,Big Rig District Red
Microbrewer,Big Rig Brewery,Byward Brown
Microbrewer,Big Rig Brewery,India Pale Ale
Microbrewer,Big Rig Brewery,Double Chocolate Milk Stout
Microbrewer,Big Rig Brewery,Session IPA
Microbrewer,Big Rig Brewery,Release the Hounds Black IPA
Microbrewer,Big Rig Brewery,Hefewizen
Microbrewer,BITTE SCHON BRAUHAUS INC,
Microbrewer,Black Donnellys Brewing Company Ltd.,Roman Line Lager
Microbrewer,Black Oak Brewing Company Limited,10 Years Bitter (seasonal)
Microbrewer,Black Oak Brewing Company Limited,Black Oak Nut Brown Ale
Microbrewer,Black Oak Brewing Company Limited,Black Oak Pale Ale
Microbrewer,Black Oak Brewing Company Limited,Double Chocolate Cherry Stout (seasonal)
Microbrewer,Black Oak Brewing Company Limited,Nutcracker Porter (seasonal)
Microbrewer,Black Oak Brewing Company Limited,Oaktoberfest (seasonal)
Microbrewer,Black Oak Brewing Company Limited,Summer Saison (seasonal)
Microbrewer,BLACK SWAN BREWING COMPANY,Black Swan India Pale Ale
Microbrewer,BLACK SWAN BREWING COMPANY,Black Swan English Pale Ale
Microbrewer,BLACK SWAN BREWING COMPANY,Black Swan Porter
Microbrewer,Black Swan Brewing Company Inc.,Road Trip
Microbrewer,Black Swan Brewing Company Inc.,Wild Child
Microbrewer,Black Swan Brewing Company Inc.,EPA
Microbrewer,Black Swan Brewing Company Inc.,IPA
Microbrewer,Black Swan Brewing Company Inc.,Porter
Microbrewer,Black Swan Brewing Company Inc.,The Galaxy Awakens
Microbrewer,Block Three Brewing Company Inc.,King Street Saison
Microbrewer,Block Three Brewing Company Inc.,Sugar Bush Brown
Microbrewer,Blood Brothers Brewing Inc.,Abattoir
Microbrewer,Blood Brothers Brewing Inc.,Fall of Thebes
Microbrewer,Blood Brothers Brewing Inc.,Hail Saison
Microbrewer,Blood Brothers Brewing Inc.,Inner IPA
Microbrewer,Blood Brothers Brewing Inc.,Shumei IPA
Microbrewer,Blood Brothers Brewing Inc.,Horse Face IPA
Microbrewer,Blood Brothers Brewing Inc.,Paradise Lost
Microbrewer,BLYTH BREWING & DISTILLING INC.,Doc Perdue
Microbrewer,BLYTH BREWING & DISTILLING INC.,Absent Landlord
Microbrewer,BLYTH BREWING & DISTILLING INC.,Cowbell Tripel
Microbrewer,BLYTH BREWING & DISTILLING INC.,Barley Wine
Microbrewer,BLYTH BREWING & DISTILLING INC.,Imperial Stout
Microbrewer,BLYTH BREWING & DISTILLING INC.,Belgian Quad
Microbrewer,BLYTH BREWING & DISTILLING INC.,Cowbell Double IPA
Microbrewer,BLYTH BREWING & DISTILLING INC.,Rauchbier
Microbrewer,Bobcaygeon Brewing Company Ltd.,Bobcaygeon Pale Ale
Microbrewer,BOSHKUNG BREWING COMPANY INC,35 1/18 Cream Ale
MIcrobrewer,BOSHKUNG BREWING COMPANY INC,Swift Lager
Microbrewer,BOSHKUNG BREWING COMPANY INC,Black Rock Dark Ale
Microbrewer,BOSHKUNG BREWING COMPANY INC,White Cap Wheat Ale
Microbrewer,BOSHKUNG BREWING COMPANY INC,Kungaroo IPA
Microbrewer,BOSHKUNG BREWING COMPANY INC,Campfire Rye Beer
Microbrewer,BOSHKUNG BREWING COMPANY INC,Canoehead Scotch Ale
Microbrewer,BOSHKUNG BREWING COMPANY INC,King Kung Imperial Stout
Microbrewer,Brasserie Des Quatre Lunes Ltd. o/a Four Moons Brewery,
Microbrewer,Brasserie Etienne Brule Inc. ,
Microbrewer,Brasserie Tuque de Broue Brewery Inc.,Tuque Dorée
Microbrewer,"Brew, Bevin Palmateer",Brew Proper Lager
Microbrewer,Brian Beatty o/a Horshoe Valley Brewing Company,
Microbrewer ,Brimstone Brewing Company Inc.,Field Drummer's Ration Ale
Microbrewer,Broadhead Brewing Company Ltd.,Broadhead Pale Ale
Microbrewer,Broadhead Brewing Company Ltd.,Broadhead Citra Ale
Microbrewer,Brock Street Brewing Company,Brock Street Brewing Company Blonde Ale
Microbrewer,Brock Street Brewing Company,Brock Street Brewing Company Red Ale
Microbrewer,Brock Street Brewing Company,Brock Street Brewing Company Cream Ale
Microbrewer,Brock Street Brewing Company,Brock Street Brewing Company Dark Ale
Microbrewer,Broken Stick Brewing Company Ltd.,
Microbrewer,BROTHERS BREWING COMPANY INC.,Tandem Pale Ale
Microbrewer,BROTHERS BREWING COMPANY INC.,Ram Wool Oatmeal Stout
Microbrewer,BROTHERS BREWING COMPANY INC.,Burgamot Brown Ale
Microbrewer,Brown Van Brewing Corp.,Brown Van Brewing Kolsch Style Ale
Microbrewer,Bruce Halstead o/a Durham Brewing Company,
Microbrewer,Brunswick Bier Works Inc.,OmniPollo IPA
Microbrewer,Brunswick Bier Works Inc.,OmniPollo Stout
Microbrewer,Brunswick Bier Works Inc.,La Carnita Lager
Microbrewer,Brunswick Bier Works Inc.,La Carnita Blonde
Microbrewer,Brunswick Bier Works Inc.,Quinn Blonde Ale
Microbrewer,Bush Pilot Brewing Company,Bush Pilot Stormy Monday
Microbrewer,Calabogie Brewing Co. Ltd.,
Microbrewer,Caledon Hills Brewing Company Inc.,Caledon Hills Vienna Lager
Microbrewer,Cameron's Brewing Company,Camerons Auburn Ale
Microbrewer,Cameron's Brewing Company,Camerons Cream Ale
Microbrewer,Cameron's Brewing Company,Camerons Dark 66
Microbrewer,Cameron's Brewing Company,Camerons Lager
Microbrewer,Carl Pratt o/a Beaches Brewing Company,
Microbrewer,CARTWRIGHT SPRINGS BREWERY INCORPORATED,Northern IPA
Microbrewer,CARTWRIGHT SPRINGS BREWERY INCORPORATED,SMASH
Microbrewer,CARTWRIGHT SPRINGS BREWERY INCORPORATED,APA
Microbrewer,CARTWRIGHT SPRINGS BREWERY INCORPORATED,ESB
Microbrewer,CARTWRIGHT SPRINGS BREWERY INCORPORATED,Maple Porter
Microbrewer,Cassel Brewery Company Ltd.,Honey Brown Ale
Microbrewer,Cassel Brewery Company Ltd.,Lil' Red Steamer Red Ale
Microbrewer,Cassel Brewery Company Ltd.,Black Express Stout
Microbrewer,Cassel Brewery Company Ltd.,White Fog Witbier
Microbrewer,Cassel Brewery Company Ltd.,Hopper Car IPA
Microbrewer,Cassel Brewery Company Ltd.,Railroad Special Maple Rye Ale (seasonal)
Microbrewer,Cheetah International Brewers Inc.,Cheetah
Microbrewer,Church-Key Brewing Company Ltd.,
Microbrewer,Clear Lake Brewing Company Limited,
Microbrewer,Clifford Brewing Company,Clifford Porter
Microbrewer,Clifford Brewing Company,Pinball Pale Ale
Microbrewer,Colio Estate Wines Inc. o/a Thornbury Villiage Brewery,
Microbrewer,Collective Arts Brewing Limited,Rhyme & Reason Extra Pale Ale
Microbrewer,Cool Beer Brewing Co.,Cool Beer Premium
Microbrewer,Cool Beer Brewing Co.,Buzz Beer
Microbrewer,Cool Beer Brewing Co.,Cool Beer Lager
Microbrewer,Cool Beer Brewing Co.,Denison's Weissbier
Microbrewer,Cool Beer Brewing Co.,Saint Andre
Microbrewer,Cool Beer Brewing Co.,Stonewall Light
Microbrewer,Cool India Brewing Company Ltd.,
Microbrewer,County Road Beer Company Inc.,
Microbrewer,Craft Brewers Coalition Inc. o/a Common Good Beer Company,
Microbrewer,Craft Heads Brewing Company Inc.,Craft Heads Brewing Company
Microbrewer,Crimson Canary Brewers Ltd.,
Microbrewer,Crooked Mile Brewing Company Inc.,Crow's Castle - Best Bitter
Microbrewer,Crooked Mile Brewing Company Inc.,Highland Hillwalker - Scottish Ale
Microbrewer,Crooked Mile Brewing Company Inc.,Standing Stone - English IPA
Microbrewer,Crooked Mile Brewing Company Inc.,Mind the Gap - Session IPA
Microbrewer,Crooked Mile Brewing Company Inc.,Druid's Dusk - Irish Red Ale
Microbrewer,Crooked Mile Brewing Company Inc.,Peculiar Porter - Porter
Microbrewer,Crooked Mile Brewing Company Inc.,Seven Maples Farm APA - American Pale Ale
Microbrewer,Crooked Mile Brewing Company Inc.,Dry Stout 
Microbrewer,Crooked Mile Brewing Company Inc.,Oatmeal Stout
Microbrewer,David Frederick o/a Strange Brewing Company (The),
Microbrewer,David Wingfelder o/a Sextant Craft Brewery,
Microbrewer,Dawson Trail Craft Brewery Inc.,"Running Stone, Irish Red Ale"
Microbrewer,Dawson Trail Craft Brewery Inc.,"Oater Limits, Oatmeal Stout"
Microbrewer,Dawson Trail Craft Brewery Inc.,"Up & Ahtanum, American IPA"
Microbrewer,Descendants Beer & Beverage Company Ltd.,Harbinger - American Pale Ale
Microbrewer,Domaine Darius Limited o/a Domain Darius,
Microbrewer,DOMINION CITY BREWING COMPANY INC.,Town & Country Blond
Microbrewer,DOMINION CITY BREWING COMPANY INC.,Two Flags IPA
Microbrewer,DOMINION CITY BREWING COMPANY INC.,Earl Grey Marmalade Saison
Microbrewer,DOUBLE TROUBLE BREWING INC.,Hopps & Robbers
Microbrewer,DOUBLE TROUBLE BREWING INC.,Prison Break Pilsner
Microbrewer,DOUBLE TROUBLE BREWING INC.,Fire in the Rye
Microbrewer,DOUBLE TROUBLE BREWING INC.,French Press Vanilla Stout
Microbrewer,DOUBLE TROUBLE BREWING INC.,Revenge of the Ginger
Microbrewer,"Dustin Kyle Jones, Brayden Paul Jones o/a Blood Brothers Brewing",Melon Saison
Microbrewer,"Dustin Kyle Jones, Brayden Paul Jones o/a Blood Brothers Brewing",Brett Trois
Microbrewer,"Dustin Kyle Jones, Brayden Paul Jones, o/a Blood Brothers Brewing",Blood Brothers Brewing
Microbrewer,EAST END BREW CO.,
Microbrewer,Eastbound Brewing Company Inc.,
Microbrewer,"Elora Brewing Company, Inc.",Three Fields
Microbrewer,"Elora Brewing Company, Inc.",Wampum IPA
Microbrewer,Evergreen Craft Ales Inc.,
Microbrewer,Fairweather Brewing Company Inc.,
Microbrewer,Falcon Brewing Company Inc.,
Microbrewer,Flying Monkeys Craft Brewery Limited ,Antigravity Light Ale
Microbrewer,Flying Monkeys Craft Brewery Limited ,Confederation Amber Ale
Microbrewer,Flying Monkeys Craft Brewery Limited ,Hoptical Illusion Almost Pale Ale
Microbrewer,Forked River Brewing Company,Capital Blonde Ale
Microbrewer,Forked River Brewing Company,Riptide Rye Pale Ale
Microbrewer,Full Beard Brewing Company Inc.,Five O'Clock Shadow Pale Ale
Microbrewer,Gananoque Brewing Company Ltd.,Naughty Otter Lager
Microbrewer,Gananoque Brewing Company Ltd.,Train Wreck Strong Ale
Microbrewer,Gateway Brewing Company,Gateway Pale Ale
Microbrewer,Gateway Brewing Company,Gateway Blonde Ale
Microbrewer,G-L Heritage Brewing Company Inc.,Back Shop Brew - Blonde Ale
Microbrewer,G-L Heritage Brewing Company Inc.,Common Mutt - California Common Lager
Microbrewer,G-L Heritage Brewing Company Inc.,RY-ED Ale  
Microbrewer,G-L Heritage Brewing Company Inc.,Shoots and Ski Stout 
Microbrewer,Godspeed Brewery Inc. o/a Godspeed Brewery,
Microbrewer,Gold Crown Brewery,Kings Pilsner
Microbrewer,Gold Crown Brewery,Lions Lager
Microbrewer,Gold Crown Brewery,Premium Lager
Microbrewer,Goodlot Farmstead Brewing Company Limited,Farmstead Ale (Pale Ale)
Microbrewer,Grain & Grit Ltd.,
Microbrewer,Grand River Brewery,Bumbleberry Wheat(seasonal)
Microbrewer,Grand River Brewery,Curmudgeon IPA(seasonal)
Microbrewer,Grand River Brewery,Galt Knife Old Style Lager
Microbrewer,Grand River Brewery,Hannenberg Pils
Microbrewer,Grand River Brewery,Highballer Pumpkin Ale(seasonal)
Microbrewer,Grand River Brewery,Mill Race Mild
Microbrewer,Grand River Brewery,Plowman's Ale
Microbrewer,Grand River Brewery,Russian Gun Imperial Stout(seasonal)
Microbrewer,Grand River Brewery,Town Hall Lager
Microbrewer,Great Lakes Brewing Co. Inc.,Devil's Pale Ale
Microbrewer,Great Lakes Brewing Co. Inc.,Golden Horseshoe Lager
Microbrewer,Great Lakes Brewing Co. Inc.,Great Lakes Green Tea Ale
Microbrewer,Great Lakes Brewing Co. Inc.,Great Lakes Orange Peel Ale
Microbrewer,Great Lakes Brewing Co. Inc.,Great Lakes Pumpkin Ale
Microbrewer,Great Lakes Brewing Co. Inc.,Great Lakes Winter Ale
Microbrewer,Great Lakes Brewing Co. Inc.,Miami Weiss
Microbrewer,Great Lakes Brewing Co. Inc.,Project X
Microbrewer,Great Lakes Brewing Co. Inc.,Red Leaf Lager
Microbrewer,Habits Gastropub Inc.,Praxis
Microbrewer,Habits Gastropub Inc.,Flemish Cap
Microbrewer,Habits Gastropub Inc.,Inkhorn
Microbrewer,Habits Gastropub Inc.,Imposter Syndrome
Microbrewer,Habits Gastropub Inc.,Quesada
Microbrewer,Habits Gastropub Inc.,Fructidor
Microbrewer,Habits Gastropub Inc.,Sucellus
Microbrewer,Habits Gastropub Inc.,Mu best
Microbrewer,Habits Gastropub Inc.,Pipkin
Microbrewer,Habits Gastropub Inc.,We've Already Got One
Microbrewer,Habits Gastropub Inc.,Little Barasway
Microbrewer,Habits Gastropub Inc.,Point Verde
Microbrewer,Habits Gastropub Inc.,Saison's Greetings
Microbrewer,Habits Gastropub Inc.,A Million To One
Microbrewer,Habits Gastropub Inc.,Rhizome
Microbrewer,Habits Gastropub Inc.,Colinet
Microbrewer,Habits Gastropub Inc.,Mise en Saison
Microbrewer,Habits Gastropub Inc.,Longest Shadow
Microbrewer,Habits Gastropub Inc.,El Temporada Dorado
Microbrewer,Habits Gastropub Inc.,Bonavista
Microbrewer,Habits Gastropub Inc.,Kalliopolis
Microbrewer,Habits Gastropub Inc.,Rhizome: Palisade/Comet
Microbrewer,Habits Gastropub Inc.,Shadow Puppets
Microbrewer,Habits Gastropub Inc.,Oh my dear Ontario
Microbrewer,Habits Gastropub Inc.,"Invented Tradition (version 1, 2)"
Microbrewer,Habits Gastropub Inc.,Rhizome: Jarrylo/Belma
Microbrewer,Habits Gastropub Inc.,Bechdel Brett
Microbrewer,Habits Gastropub Inc.,Rhizome: Mango/Amarillo
Microbrewer,HABITS GASTROPUB INC. O/A FOLLY BREWING,Aux Sables
Microbrewer,HABITS GASTROPUB INC. O/A FOLLY BREWING,Country North
Microbrewer,Habits Gastropub Inc. o/a Folly Brewing,Second Smile
Microbrewer,Habits Gastropub Inc. o/a Folly Brewing,Third Smile
Microbrewer,Habits Gastropub Inc. o/a Folly Brewing,Rhizome: Equinox/Mosaic
Microbrewer,Habits Gastropub Inc. o/a Folly Brewing,Point Lance
Microbrewer,Habits Gastropub Inc. o/a Folly Brewing,Loquacious
Microbrewer,Habits Gastropub Inc. o/a Folly Brewing,Cornucopian Vision
Microbrewer,Habits Gastropub Inc. o/a Folly Brewing,Rhizome: Huell Melon / Hallertau Blanc
Microbrewer,Habits Gastropub Inc. o/a Folly Brewing,Courage
Microbrewer,Haliburton Highlands Brewing,Haliburton Highlands Blue Line Blond
Microbrewer,Haliburton Highlands Brewing,Haliburton Highlands Abbey Ale
Microbrewer,Haliburton Highlands Brewing,Haliburton Highlands Pale Ale
Microbrewer,Haliburton Highlands Brewing,Haliburton Highlands Honey Brown Ale
Microbrewer,Halo Brewery Inc.,
Microbrewer,Hancock Micro Brewery Ltd.,
Microbrewer,Her Mash Inc. o/a Her Mash,
Microbrewer,Heritage Brewing Limited,Heritage Premium Lager
Microbrewer,Heritage Brewing Limited,Heritage Traditional Dark
Microbrewer,Heritage Brewing Limited,Black Currant Rye Beer
Microbrewer,Heritage Brewing Limited,Passion Brew
Microbrewer,Heritage Brewing Limited,Maple Bush lager
Microbrewer,Heritage Brewing Limited,Stuart's Natural Session Ale
Microbrewer,Heritage Brewing Limited,Sgt. Major IPA
Microbrewer,Heritage Brewing Limited,Corporal Punishment
Microbrewer,Heritage Brewing Limited,Black Irish Plain Porter
Microbrewer,Heritage Brewing Limited,John By Imperial Stout
Microbrewer,Heritage Brewing Limited,Strawberry Social
Microbrewer,Heritage Brewing Limited,Kitchesippi Natural Blonde
Microbrewer,High Park Brewery Ltd.,Across the Pond - English Special Bitter (Ale) 
Microbrewer,High Park Brewery Ltd.,Off the Leash IPA
Microbrewer,High Road Brewing Company Ltd.,American Style Double IPA - Bronan
Microbrewer,High Road Brewing Company Ltd.,A Summer Wheat Ale Heliocentric
Microbrewer,High Road Brewing Company Ltd.,A brown ale in the fall - Tee the Brown Dog
Microbrewer,Highlander Brew Co.,Scottish Ale
Microbrewer,Highlander Brew Co.,Twisted Spruce
Microbrewer,Highlander Brew Co.,Blacksmith Smoked Porter
Microbrewer,Hockley Valley Brewing Company Inc.,Georgian Bay Dipper
Microbrewer,Hockley Valley Brewing Company Inc.,Hockley Black & Tan
Microbrewer,Hockley Valley Brewing Company Inc.,Hockley Dark
Microbrewer,Hockley Valley Brewing Company Inc.,Hockley Gold Premium Draft
Microbrewer,Hockley Valley Brewing Company Inc.,Hockley Stout
Microbrewer,Hogsback Brewing Company Inc.,Hogsback Vintage Lager
Microbrewer,HOMETOWN BREW CO.,Hometown Ale
Microbrewer,Indie  Alehouse (The),Instigator Pale Ale
Microbrewer,Innocente Brewing Company,Bystander
Microbrewer,Innocente Brewing Company,Fling
Microbrewer,Innocente Brewing Company,Conscience
Microbrewer,J. Picard Brewing Limited,Ramblin Road Country Lager
Microbrewer,J. Picard Brewing Limited,Ramblin Road Country Ale
Microbrewer,J. Picard Brewing Limited,Ramblin Road Country Pilsner
Microbrewer,Johnstown Craft Beverages Inc. o/a Windmill Brewery,1838 Pilsner
Microbrewer,Julie Bearcroft & Norman Bearcroft o/a Belmont Lake Brewery,Cordova Gold
Microbrewer,Julie Bearcroft & Norman Bearcroft o/a Belmont Lake Brewery,Crowe River
Microbrewer,Julie Bearcroft & Norman Bearcroft o/a Belmont Lake Brewery,Brown Bear
Microbrewer,Julie Bearcroft & Norman Bearcroft o/a Belmont Lake Brewery,Black Bear
Microbrewer,Julie Bearcroft & Norman Bearcroft o/a Belmont Lake Brewery,One Tree Island
Microbrewer,Junction Craft Brewing,Conductor Craft Ale
Microbrewer,Kame & Kettle Beer Works Inc.,
Microbrewer,Katalyst Brewing Company Inc.,
Microbrewer,Katlyn Anderson & Ayden Gautreau o/a Shakespeare Brewing Company,The Reckless Rooster
Microbrewer,Katlyn Anderson & Ayden Gautreau o/a Shakespeare Brewing Company,The Bumbling Bear
Microbrewer,Kilannan Brewing Company,The Inaugural
Microbrewer,Kilannan Brewing Company,Kilannan Alt
Microbrewer,Kilannan Brewing Company,Xanadu
Microbrewer,Kilannan Brewing Company,Helles Yes
Microbrewer,Kilannan Brewing Company,The Men Who Stare At Oats
Microbrewer,Kilannan Brewing Company,Sticke Altbier
Microbrewer,Kilannan Brewing Company,Orange Beerius
Microbrewer,Kilannan Brewing Company,Paddle Breaker
Microbrewer,Kilannan Brewing Company,Kolsch
Microbrewer,King Brewery,King Brewery Dark Lager
Microbrewer,King Brewery,King Brewery Pilsner
Microbrewer,King Brewery,King Pilsbock
Microbrewer,Kingston Brewing Company Limited,Dragon's Breath Real Ale
Microbrewer,Kingston Brewing Company Limited,Regal Lager
Microbrewer,Kingston Brewing Company Limited,Dunkelnacht Lager
Microbrewer,Kingston Brewing Company Limited,Pooh's Birthday Brew
Microbrewer,Kingston Brewing Company Limited,Special-Tea Beer
Microbrewer,Kingston Brewing Company Limited,Magic Dragon Hemp Ale
Microbrewer,Kingston Brewing Company Limited,Framboise Royale
Microbrewer,Kingston Brewing Company Limited,Aardvaark Daark Ale
Microbrewer,Kingston Brewing Company Limited,Winter Wallop
Microbrewer,Kingston Brewing Company Limited,D.B. Pale Ale
Microbrewer,Kingston Brewing Company Limited,Figgie Pud'n Christmas Ale
Microbrewer,Kingston Brewing Company Limited,Rampant Rooster Anniversary Aberration Ale
Microbrewer,Kingston Brewing Company Limited,First Capital Ale
Microbrewer,Kingston Brewing Company Limited,Downtown Brown Ale
Microbrewer,Kingston Brewing Company Limited,Sir John Eh Ale
Microbrewer,Kingston Brewing Company Limited,Strong Autumn Ale
Microbrewer,Kingston Brewing Company Limited,Whitetail Cream Ale
Microbrewer,Kingston Brewing Company Limited,Muddy's Water
Microbrewer,Kingston Brewing Company Limited,Arrogant Ale
Microbrewer,Kingston Brewing Company Limited,9 Mile Light
Microbrewer,Kingston Brewing Company Limited,3 Peaks Ale
Microbrewer,Kingston Brewing Company Limited,Exorcist Ale
Microbrewer,Kingston Brewing Company Limited,El Draco
Microbrewer,Kingston Brewing Company Limited,Crown & Anchor Ale
Microbrewer,Kingston Brewing Company Limited,Aphrodite's Ale
Microbrewer,Kyle Teichert o/a Half Hours on Earth,BEES!
Microbrewer,Kyle Teichert o/a Half Hours on Earth,Control Bored
Microbrewer,Kyle Teichert o/a Half Hours on Earth,Green Mind
Microbrewer,Kyle Teichert o/a Half Hours on Earth,Open Field
Microbrewer,Kyle Teichert o/a Half Hours on Earth,Mondo Bongo
Microbrewer,Kyle Teichert o/a Half Hours on Earth,Moonless
Microbrewer,Kyle Teichert o/a Half Hours on Earth,Re-Up
Microbrewer,Kyle Teichert o/a Half Hours on Earth,Yalla Yalla
Microbrewer,Lake of Bays Brewing Company Limited,Lake of Bays Pale Ale
Microbrewer,Lake of the Woods Brewing Company,Tippy Canoe
Microbrewer,Lake of the Woods Brewing Company,Big Timber
Microbrewer,Lake of the Woods Brewing Company,Forgotten Lake
Microbrewer,Lake of the Woods Brewing Company Inc.,Papermaker
Microbrewer,Lake of the Woods Brewing Company Inc.,Sultana Gold
Microbrewer,Lake of the Woods Brewing Company Inc.,Firehouse Ale
Microbrewer,Lake on the Mountain Resort (1996) Inc. o/a Lake on the Mountain Brewing Company,
Microbrewer,LAKE WILCOX BREWING COMPANY LTD.,Mad Quaker Lager
Microbrewer,Left Field Brewery Inc.,Eephus Oatmeal Brown Ale
Microbrewer,Left Field Brewery Inc.,6-4-3 Double IPA
Microbrewer,Left Field Brewery Inc.,Maris*American Pale Ale
Microbrewer,Liberty Village Brewing Company Ltd.,504 Pale Ale 
Microbrewer,Liberty Village Brewing Company Ltd.,Gose Buster
Microbrewer,Liberty Village Brewing Company Ltd.,504 Saison
Microbrewer,Liberty Village Brewing Company Ltd.,Gummi Beer
Microbrewer,Liberty Village Brewing Company Ltd.,Black Blessing
Microbrewer,Lock Street Brewing Corporation o/a Lock Street Brewing Company,
Microbrewer,LOD Brew Inc. o/a Lod Brew,
Microbrewer,LONDON BREWING CO-OPERATIVE INC.,British Bitter
Microbrewer,LONDON BREWING CO-OPERATIVE INC.,American Nut Brown
Microbrewer,LONDON BREWING CO-OPERATIVE INC.,Kolsch
Microbrewer,LONDON BREWING CO-OPERATIVE INC.,Rye Pale Ale
Microbrewer,LONDON BREWING CO-OPERATIVE INC.,Wheat
Microbrewer,LONDON BREWING CO-OPERATIVE INC.,India Pale Ale
Microbrewer,LONDON BREWING CO-OPERATIVE INC.,Irish Red Ale
Microbrewer,LONDON BREWING CO-OPERATIVE INC.,Stouts
Microbrewer,LONDON BREWING CO-OPERATIVE INC.,Porter
Microbrewer,LONGSLICE BREWERY INC.,Longslice Brewery Hopsta La Vista IPA 
Microbrewer,Lost Craft Inc,Lost Craft
Microbrewer,Lost Craft Inc.,Revival
Microbrewer,Lost Craft Inc.,Crimzen 
Microbrewer,Lowertown Brewery Inc.,Lowertown Light
Microbrewer,Lowertown Brewery Inc.,Lowertown Dark
Microbrewer,Lowertown Brewery Inc.,LT Pale Ale
Microbrewer,MacKinnon Brewing and Distilling Ltd.,Crosscut Canadian Ale
Microbrewer,MacKinnon Brewing and Distilling Ltd.,Lauchlan Scottish Ale 
Microbrewer,MacKinnon Brewing and Distilling Ltd.,Origin Wheat Ale
Microbrewer,MACLEAN'S ALES INC.,Pale Ale
Microbrewer,MACLEAN'S ALES INC.,Farmhouse Blond
Microbrewer,MACLEAN'S ALES INC.,India Pale Ale
Microbrewer,Magnotta Brewery (Vaughan) Ltd.,910314 - True North
Microbrewer,Magnotta Brewery (Vaughan) Ltd.,Classic India Pale Ale
Microbrewer,Magnotta Brewery (Vaughan) Ltd.,Traditional Altbier
Microbrewer,Magnotta Brewery (Vaughan) Ltd.,True North Cream Ale
Microbrewer,Magnotta Brewery (Vaughan) Ltd.,True North Lager
Microbrewer,Magnotta Brewery (Vaughan) Ltd.,True North Strong
Microbrewer,Magnotta Brewery (Vaughan) Ltd.,True North Wunder Weisse
Microbrewer,Malt Aroma Brewery Ltd,Malt Aroma
Microbrewer,Manantler Craft Brewing Co.,Train Bridge Pale Ale
Microbrewer,Manantler Craft Brewing Co.,Rococo Chocolate Milk Stout
Microbrewer,Manantler Craft Brewing Co.,Dark Prince Black IPA
Microbrewer,Manantler Craft Brewing Co.,Clown Punch IPA
Microbrewer,Manantler Craft Brewing Co.,Safety Meeting Session Ale
Microbrewer,Manantler Craft Brewing Co.,Amarillo Lollihop Single Hopped Pale Ale
MIcrobrewer,MANITOULIN BREWING COMPANY INC,Swingbridge Blonde Ale
Microbrewer,MANITOULIN BREWING COMPANY INC.,Manitoulin Blonde
Microbrewer,MANITOULIN BREWING COMPANY INC.,Manitoulin Pale Ale
Microbrewer,Maple Beer Company Inc.,
Microbrewer,Market Brewing Company Ltd.,Bear Hug IPA
Microbrewer,Market Brewing Company Ltd.,Beswick Lager
Microbrewer,Market Brewing Company Ltd.,Flee to Pennsylvania Wit
Microbrewer,Market Brewing Company Ltd.,Leslie Street Pale Ale
Microbrewer,Market Brewing Company Ltd.,High Treason Belgian Ale
Microbrewer,Market Brewing Company Ltd.,Useless Crayon White IPA
Microbrewer,Mascot Brewery Inc.,Mascot Pilsner
Microbrewer,Mascot Brewery Inc.,Mascot Hefeweizen
Microbrewer,Merit Brewing Company Inc.,
Microbrewer,Micheal Corrie o/a Stone House Brewing Company ,
Microbrewer,Midian Brewing Company,Midian Lagered Ale
Microbrewer,Midian Brewing Company,Midian Special Dark
Microbrewer,Midtown Brewing Company Inc.,
Microbrewer,MUDDY YORK BREWING COMPANY,Unearthed Amber Ale
Microbrewer,MUDDY YORK BREWING COMPANY,Muddy York Porter
Microbrewer,MUDDY YORK BREWING COMPANY,Dereliction Double IPA
Microbrewer,MUDDY YORK BREWING COMPANY,Haberdasher Pale Ale
Microbrewer,NAC Importers Inc. o/a North American Craft,Trailer Park Boys
Microbrewer,Nathan Card o/a Wild Card Brewing Company,
Microbrewer,Neustadt Springs Brewery Ltd.,
Microbrewer,New Limburg Brewing Company Ltd,Dubbel
Microbrewer,New Limburg Brewing Company Ltd.,Belgian Blond
Microbrewer,New Limburg Brewing Company Ltd.,Petit Blond
Microbrewer,New Limburg Brewing Company Ltd.,Black Sheep
Microbrewer,New Limburg Brewing Company Ltd.,Tripel
Microbrewer,New Limburg Brewing Company Ltd.,Wit
Microbrewer,New Limburg Brewing Company Ltd.,St. Arnoldus Quad
Microbrewer,New Limburg Brewing Company Ltd.,Knight Beer Before Christmas
Microbrewer,New Ontario Brewing Company Inc.,Bear Runner Blonde
Microbrewer,New Ontario Brewing Company Inc.,Frisky Pete Pale Ale
Microbrewer,New Ontario Brewing Company Inc.,4:33 Black IPA
Microbrewer,New Ontario Brewing Company Inc.,Rat Catcher Rye Pale Ale
Microbrewer,New Ontario Brewing Company Inc.,Ice Cutter Winter Wheat
Microbrewer,New Ontario Brewing Company Inc.,Lamplighter Stout
Microbrewer,Niagara College Learning Enterprise Corporation,First Draft
Microbrewer,Niagara Oast House Brewers,Barn Raiser
Microbrewer,Niagara Oast House Brewers,Farmhouse Saison
Microbrewer,Niagara's Best Brewery & Pub,
Microbrewer,Nickel Brook Brewing Company Inc.,Cuvee
Microbrewer,Nickel Brook Brewing Company Inc.,Draft
Microbrewer,Nickel Brook Brewing Company Inc.,Green Apple Pilsner
Microbrewer,Nickel Brook Brewing Company Inc.,Maple Porter
Microbrewer,Nickel Brook Brewing Company Inc.,Nickel Brook Ale
Microbrewer,Nickel Brook Brewing Company Inc.,Organic Lager
Microbrewer,Nickel Brook Brewing Company Inc.,Organic White
Microbrewer,Nickel Brook Brewing Company Inc.,Pilsner
Microbrewer,Nickel Brook Brewing Company Inc.,Special Edition Scotch Ale
Microbrewer,Nickel Brook Brewing Company Inc.,Special Edition Uniek Sour Cherry Ale
Microbrewer,Nickel Brook Brewing Company Inc.,Spring and Winter Bock
Microbrewer,Nita Beer Company Inc.,Ten12
Microbrewer,Nita Beer Company Inc.,OPA
Microbrewer,NITA BEER COMPANY INC.,Omne
Microbrewer,NITA BEER COMPANY INC.,Trium
Microbrewer,NITA BEER COMPANY INC.,Perfectum
Microbrewer,"Nitty's Food Services Limited, o/a Toboggan Brewing Company",Toboggan Brewing Company
Microbrewer,NORSE BREWERY INC.,
Microbrewer,North Works Brewing Company Inc.,IPA
Microbrewer,North Works Brewing Company Inc.,Stout
Microbrewer,Northern Superior Brewing Company Inc.,
Microbrewer,NORTHUMBERLAND HILLS BREWERY,Long Weekend Lagered Ale
Microbrewer,NORTHUMBERLAND HILLS BREWERY,Hoppy Go Lucky
Microbrewer,NORTHUMBERLAND HILLS BREWERY,Cold Springs Pale Ale
Microbrewer,NORTHUMBERLAND HILLS BREWERY,Honey Badger Wheat Ale
Microbrewer,Northwinds Brewery Ltd.,Corduroy Rye India Pale Ale
Microbrewer,Northwinds Brewery Ltd.,Three Stage Xtra Pale Ale (XPA)
Microbrewer,Northwinds Brewery Ltd.,Kingping Lager
Microbrewer,Old Credit Brewing Co. Ltd.,Old Credit Pale Pilsner
Microbrewer,Old Credit Brewing Co. Ltd.,Old Credit Amber Ale
Microbrewer,Old Credit Brewing Co. Ltd.,Old Credit Holiday Honey
Microbrewer,Old Flame Brewing Co. Ltd.,Blonde Lager
Microbrewer,Old Flame Brewing Co. Ltd.,Vienna Lager
Microbrewer,Old Flame Brewing Co. Ltd.,Munich Dark Lager
Microbrewer,Old Tomorrow Ltd.,Old Tomorrow - Canadian Pale Ale
Microbrewer,Ontario Beer Company Ltd.,Duggan's #9 IPA 
Microbrewer,Ontario Beer Company Ltd.,Duggan's #5 Sorachi Lager
Microbrewer,Ontario Beer Company Ltd.,Ontario 100 Mile Ale
Microbrewer,Ontario Beer Company Ltd.,Ontario 100 Mile Lager
Microbrewer,Orange Snail Brewers,Iron Pig Ale
Microbrewer,Orange Snail Brewers,Rattle 'N' Nemo
Microbrewer,Orange Snail Brewers,16 Jasper IPA
Microbrewer,Orange Snail Brewers Ltd,Iron Pig 
Microbrewer,Orange Snail Brewers Ltd,Rattle 'N' Nemo
Microbrewer,Orange Snail Brewers Ltd,16 Jasper IPA 
Microbrewer,Outlaw Brew Co. Inc.,Outlaw Bronco
Microbrewer,Outlaw Brew Co. Inc.,Outlaw Bandit
Microbrewer,Outlaw Brew Co. Inc.,Outlaw 21
Microbrewer,Outlaw Brew Co. Inc.,2Moon Junction
Microbrewer,Outspoken Brewing Inc.,Outspoken Blonde Ale
Microbrewer,Outspoken Brewing Inc.,Rabbit's Foot IPA
Microbrewer,"Paola O. Ferrante, Matthew J. Di Iorio o/a Draught Dodger",Brewzer I.P.A.
Microbrewer,"Paola O. Ferrante, Matthew J. Di Iorio o/a Draught Dodger",Yellow Truck Blonde
Microbrewer,"Paola O. Ferrante, Matthew J. Di Iorio o/a Draught Dodger",GingerBeerd Man Porter
Microbrewer,"Paola O. Ferrante, Matthew J. Di Iorio o/a Draught Dodger",White Squirrel Pale Ale
Microbrewer,Parsons Brewing Co.,Mousetrap Rye Pale Ale
Microbrewer,Parsons Brewing Co.,Grandpa Miguel's Coffee Stout
Microbrewer,Parsons Brewing Co.,Watermelon Wheat
Microbrewer,Parsons Brewing Co.,Westy West Coast Pale Ale
Microbrewer,Parsons Brewing Co.,Crushable County Ale
Microbrewer,Parsons Brewing Co.,Hockey Saison
Microbrewer,Parsons Brewing Co.,Farmer's Tan Harvest Ale
Microbrewer,"Paul Card, Darryl Owen o/a Conspiracy Theory Brewing Company",
Microbrewer,Perth Brewery Ltd.,121 Lager
Microbrewer,Perth Brewery Ltd.,Euro Pilsner
Microbrewer,Perth Brewery Ltd.,Hopside IPA
Microbrewer,Perth Brewery Ltd.,Cabin Fever Red Ale
Microbrewer,Perth Brewery Ltd.,Roundhouse Porter
Microbrewer,Pints Pursiuts Brewing Company Inc.,
Microbrewer,Pioneer Brewery Ltd.,Amber Ale
Microbrewer,Pioneer Brewery Ltd.,Dark Ale
Microbrewer,Pioneer Brewery Ltd.,Pale Ale
Microbrewer,Pioneer Brewery Ltd.,Porter
Microbrewer,Pioneer Brewery Ltd.,Pumpkin
Microbrewer,Pioneer Brewery Ltd.,Rifleman's Ration
Microbrewer,Pioneer Brewery Ltd.,Small Ale
Microbrewer,Pioneer Brewery Ltd.,Stout
Microbrewer,Pitschfork Brewing Corp.,
Microbrewer,Plan B Beer Works Inc.,
Microbrewer,Practically Irish Brewing Inc.,Practically Irish Classic
Microbrewer,Practically Irish Brewing Inc.,Midnight Stout
Microbrewer,Practically Irish Brewing Inc.,Gateway IPA
Microbrewer,Prince Eddy's Brewing Company Ltd.,
Microbrewer,Propeller Brewing Company (Ontario),Propeller IPA
Microbrewer,Q4Q Beer Company Ltd.,Naughty Otter
Microbrewer,Radical Road Brewing Company Inc.,
Microbrewer,Railway City Brewing Company Ltd.,Dead Elephant Ale
Microbrewer,Railway City Brewing Company Ltd.,Fire Roasted Mocha Porter
Microbrewer,Railway City Brewing Company Ltd.,Iron Spike Amber
Microbrewer,Railway City Brewing Company Ltd.,Iron Spike Blond
Microbrewer,Railway City Brewing Company Ltd.,Iron Spike Copper
Microbrewer,Railway City Brewing Company Ltd.,Spike Light
Microbrewer,Rainhard Brewing Company Inc.,Armed N'Citra (American Pale Ale)
Microbrewer,Rainhard Brewing Company Inc.,Asystole (Double IPA)
Microbrewer,Rainhard Brewing Company Inc.,Hearts Collide (Stout)
Microbrewer,Red Shed Inc.,
Microbrewer,Red Thread Brewing Corp.,
Microbrewer,Redline Brewhouse Inc.,5:01 Golden Ale
Microbrewer,Redline Brewhouse Inc.,Clutch American Pale Ale
Microbrewer,Redline Brewhouse Inc.,Speed Wobble American Ale
Microbrewer,Refined Fool Brewing Company Inc.,Nut Brown - The Brouhaha
Microbrewer,Refined Fool Brewing Company Inc.,Milk Stout - Joe Sent Me
Microbrewer,Refined Fool Brewing Company Inc.,Rye Saison - Noble Oaf
Microbrewer,Refined Fool Brewing Company Inc.,Vanilla Porter - Ripsnorter
Microbrewer,Refined Fool Brewing Company Inc.,IPA - Antique Peepshow
Microbrewer,Refined Fool Brewing Company Inc.,"Double IPA - Short Pier, Long Walk"
Microbrewer,Riverhead Brewing Company Ltd.,
Microbrewer,RORSCHACH BREWING INC.,
Microbrewer,ROUGE RIVER BREWING COMPANY INC,
Microbrewer,Royal City Brewing Company Inc.,Smoked Honey Ale
Microbrewer,Royal City Brewing Company Inc.,Morning Stout
Microbrewer,Royal City Brewing Company Inc.,Dry Hops Pale Ale
Microbrewer,Rurban Brewing Ltd.,Stops and Goes Gose
Microbrewer,Rurban Brewing Ltd.,Palatine Pale Ale
Microbrewer,Rurban Brewing Ltd.,Alestake and Evergreen IPA
Microbrewer,Rurban Brewing Ltd.,New Johnstown's Best Bitter
Microbrewer,Rurban Brewing Ltd.,White-Tail Brown Ale
Microbrewer,Rurban Brewing Ltd.,More Portly Than Stout Porter
Microbrewer,Rurban Brewing Ltd.,A Darker Shade of Pale Bitter
Microbrewer,Rurban Brewing Ltd.,Late Pale Ale
Microbrewer,Rurban Brewing Ltd.,Wessex Barleywine
Microbrewer,Rurban Brewing Ltd.,Old Bones Old Ale
Microbrewer,Rurban Brewing Ltd.,Icha Russian Imperial Stout
Microbrewer,Rurban Brewing Ltd.,Darkwing India Black Ale
Microbrewer,Rurban Brewing Ltd.,Old Goat Bock
Microbrewer,Rurban Brewing Ltd.,"In Russia, Porter Come to You Baltic Porter"
Microbrewer,Saulter Street Brewery Inc.,Riverside Pilsner
Microbrewer,Sawdust City Brewing Company Inc.,Golden Beach Pale Wheat
Microbrewer,Sawdust City Brewing Company Inc.,Lone Pine IPA
Microbrewer,Sawdust City Brewing Company Inc.,Ol'Woody Alt
Microbrewer,Sawdust City Brewing Company Inc.,Skinny Dipping Stout
Microbrewer,Sawdust City Brewing Company Inc.,Geteway Kolsch-Style Ale
Microbrewer,Sean Walpole o/a The William Street Beer Company,North Shore Blonde Ale
Microbrewer,Sean Walpole o/a The William Street Beer Company,Cliff Top Pale Ale
Microbrewer,Shacklands Brewing Co. Ltd.,
Microbrewer,Shawn Lepage o/a Purple Skull Brewing Company,Purple Pale Ale
Microbrewer,Shed Brewing Company Ltd.,
Microbrewer,SHILLOW BEER COMPANY INC.,Beerbistro Brown Ale
Microbrewer,SHILLOW BEER COMPANY INC.,Bitter Waitress Black IPA
Microbrewer,SHILLOW BEER COMPANY INC.,Beer Snob Belgian Rye Ale
Microbrewer,SHILLOW BEER COMPANY INC.,The Humidity Belgian Saison
Microbrewer,Side Launch Brewing Company Inc.,Side Launch Wheat Beer
Microbrewer,Side Launch Brewing Company Inc.,Side Launch Dark Lager
Microbrewer,Side Launch Brewing Company Inc.,Side Launch Pale Ale
Microbrewer,Silversmith Brewing Company Limited,Black Lager
Microbrewer,Silversmith Brewing Company Limited,Wheat Ale
Microbrewer,Sir Monty's Brewing Company Inc. ,Sir Monty’s Blonde Ale
Microbrewer,Sir Monty's Brewing Company Inc. ,Sir Monty’s Kolsch
Microbrewer,Sir Monty's Brewing Company Inc. ,Sir Monty’s IPA
Microbrewer,Sir Monty's Brewing Company Inc. ,Sir Monty’s Irish Red Ale
Microbrewer,Sir Monty's Brewing Company Inc. ,Sir Monty’s Milk Stout
Microbrewer,Skeena Brewing Company,Wolfgang's German Style Beer
Microbrewer,Sleeping Giant Brewing Co. Limited,360 Pale Ale
Microbrewer,Sleeping Giant Brewing Co. Limited,Elevator Wheat Ale
Microbrewer,Sleeping Giant Brewing Co. Limited,Skull Rock Stout
Microbrewer,Small Pony Barrel Works Inc.,
Microbrewer,Smithavens Brewing Company Ltd.,
Microbrewer,Smithworks Brewing Company Ltd.,Hefeweizen
Microbrewer,Smithworks Brewing Company Ltd.,Belgian & Lager
Microbrewer,Sons of Kent Brewing Company Ltd.,Euro Slash Blonde
Microbrewer,Sons of Kent Brewing Company Ltd.,Pony Boy Golden
Microbrewer,Sons of Kent Brewing Company Ltd.,Fly Wheel Blonde
Microbrewer,Sons of Kent Brewing Company Ltd.,1792 Envil English Ale
Microbrewer,Sons of Kent Brewing Company Ltd.,8 Track XPA
Microbrewer,Sons of Kent Brewing Company Ltd.,Blanco Sanchez White
Microbrewer,Sons of Kent Brewing Company Ltd.,Spirit Wolf
Microbrewer,Sons of Kent Brewing Company Ltd.,GNR
Microbrewer,Sons of Kent Brewing Company Ltd.,Astor Pilsner
Microbrewer,Sons of Kent Brewing Company Ltd.,Full Blast IPA
Microbrewer,Sons of Kent Brewing Company Ltd.,Coco Beware Porter
Microbrewer,Spearhead Brewing Co. Limited,Spearhead Hawaiian Pale Ale
Microbrewer,Split Rail Brewing Company Inc.,Split Rail Copper Lager
Microbrewer,Split Rail Brewing Company Inc.,Split Rail Hawberry Ale
Microbrewer,Split Rail Brewing Company Inc.,Split Rail Ale
Microbrewer,Square Brew Inc. o/a Square Brew,Vienna is waiting
Microbrewer,Square Brew Inc. o/a Square Brew,Square One Pilsner
Microbrewer,Square Brew Inc. o/a Square Brew,Hop Milner India Pale Lager
Microbrewer,Square Timber Brewing Company ,Timber Crib Pale Ale
Microbrewer,Square Timber Brewing Company,Big Pine IPA
Microbrewer,Square Timber Brewing Company,Camboose DIPA
Microbrewer,Square Timber Brewing Company ,Deacon Seat Hefeweizen
Microbrewer,St. Mary Axe Inc.,
Microbrewer,Stack Brewing Corp.,Angry Moose
Microbrewer,Stack Brewing Corp.,Valley Girl
Microbrewer,Stack Brewing Corp.,Saturday Night
Microbrewer,Stack Brewing Corp.,Black Rock
Microbrewer,Stack Brewing Corp.,Les Portes de l'Enfer
Microbrewer,Stack Brewing Corp.,No15 Brown Ale
Microbrewer,Stack Brewing Corp.,Zingiber Pale Ale
Microbrewer,Stack Brewing Corp.,Vanilla Chai Amber Ale
Microbrewer,Stalwart Brewing Company Ltd,Bip Papa Peach and Apricot Pale Ale
Microbrewer,Stalwart Brewing Company Ltd,Bad Moon Rye Stou
Microbrewer,Stalwart Brewing Company Ltd,The Zigzagger IPA
Microbrewer,Stalwart Brewing Company Ltd,Dr. Feelgood IPA
Microbrewer,STONE CITY ALES INC.,12 Star Session Ale
Microbrewer,STONE CITY ALES INC.,Uncharted IPA
Microbrewer,STONE CITY ALES INC.,Windward Belgium Wheat
Microbrewer,STONE CITY ALES INC.,Ship in the Night Oatmeal Stout
Microbrewer,Stonehammer Brewing,Stonehammer Light
Microbrewer,Stonehammer Brewing,Stonehammer Pale Ale
Microbrewer,Stonehammer Brewing,Stonehammer Oatmeal Coffee Stout
Microbrewer,Stonehammer Brewing,Stonehammer Dark
Microbrewer,Stonehammer Brewing,Stonehammer Pilsner
Microbrewer,Stonehammer Brewing,Stonehammer Maple Red
Microbrewer,Stonehammer Brewing,Stonehammer Dunkel
Microbrewer,Stratford Brewing Company,Stratford Pilsner
Microbrewer,Strathroy Brewing Company Inc.,"""1812 Independence Pale Ale"""
Microbrewer,Stray Dog Brewing Company Inc.,
Microbrewer,Tankhouse Developments Inc. o/a Signal Brewing Company,Signal Wave
Microbrewer,Tankhouse Developments Inc. o/a Signal Brewing Company,Signal OHM
Microbrewer,Tankhouse Developments Inc. o/a Signal Brewing Company,Signal Byte
Microbrewer,Tankhouse Developments Inc. o/a Signal Brewing Company,Signal Radiotube
Microbrewer,Tankhouse Developments Inc. o/a Signal Brewing Company,Signal Woofer
Microbrewer,Tankhouse Developments Inc. o/a Signal Brewing Company,Signal Gammaray
Microbrewer,Taps Brewing Company Inc,Bock Lager
Microbrewer,Taps Brewing Company Inc,Charleston Lager
Microbrewer,Taps Brewing Company Inc,Chuck Norris IPA
Microbrewer,Taps Brewing Company Inc,Dunkel Lager
Microbrewer,Taps Brewing Company Inc,Rosberg's Porter
Microbrewer,Taps Brewing Company Inc,Rye Knot Pale Ale
Microbrewer,Taps Brewing Company Inc,Taps Premium Lager
Microbrewer,Taps Brewing Company Inc,Taps Red Cream Ale
Microbrewer,Taps Brewing Company Inc,Vanilla Wheat
Microbrewer,TBGOLF Inc.,Triple Bogey Brewing Co. Premium Lager
Microbrewer,Tecumseh Brewing Co. Ltd.,Simple Man Stout
Microbrewer,Tecumseh Brewing Co. Ltd.,Smooth Hoperator Pale Ale
Microbrewer,Tecumseh Brewing Co. Ltd.,Helle's Yeah Lager
Microbrewer,Tecumseh Brewing Co. Ltd.,Sprint Fling Wheat
Microbrewer,Tecumseh Brewing Co. Ltd.,Girl Next Door Blonde
Microbrewer,Tecumseh Brewing Co. Ltd.,Old Comrade Amber Ale
Microbrewer,Tecumseh Brewing Co. Ltd.,Day Tripper IPA
Microbrewer,Tecumseh Brewing Co. Ltd.,Big Harvest Dark Wheat
Microbrewer,Tecumseh Brewing Co. Ltd.,Black Hop Down IPA
Microbrewer,Tecumseh Brewing Co. Ltd.,Cranky Bastard Rye PA
Microbrewer,Tecumseh Brewing Co. Ltd.,No Nonsense Lagered Ale
Microbrewer,The Blue Elephant Inc.,Pilsner (European Style)
Microbrewer,The Blue Elephant Inc.,Lite Lager
Microbrewer,The Blue Elephant Inc.,American Pale Ale
Microbrewer,The Blue Elephant Inc.,Norfolk County Seasonal Series
Microbrewer,The Clocktower Brew Pub Ltd.,Bytown Brown
Microbrewer,The Clocktower Brew Pub Ltd.,Fenian Red
Microbrewer,The Clocktower Brew Pub Ltd.,Kolsch
Microbrewer,The Clocktower Brew Pub Ltd.,Raspberry Wheat
Microbrewer,The Clocktower Brew Pub Ltd.,Wishart's Bitter
Microbrewer,The Collingwood Brewery Ltd.,Downhill Pale Ale
Microbrewer,The Collingwood Brewery Ltd.,Fireside ESB
Microbrewer,The Covered Bridge Brewing Company Inc.,Covered Bridge Double-Double
Microbrewer,The Covered Bridge Brewing Company Inc.,Eternally Hoptimistic
Microbrewer,The Covered Bridge Brewing Company Inc.,The Dirty Blonde
Microbrewer,The Covered Bridge Brewing Company Inc.,The Amber Rose
Microbrewer,The Covered Bridge Brewing Company Inc.,MSB
Microbrewer,The Exchange Brewery Inc.,
Microbrewer,The Granite Brewery Ontario Inc.,Best Bitter
Microbrewer,The Granite Brewery Ontario Inc.,Best Bitter Specials
Microbrewer,The Granite Brewery Ontario Inc.,Gin Lane Ale
Microbrewer,The Granite Brewery Ontario Inc.,Hopping Mad
Microbrewer,The Granite Brewery Ontario Inc.,IPA
Microbrewer,The Granite Brewery Ontario Inc.,Keefe's Irish Stout
Microbrewer,The Granite Brewery Ontario Inc.,Peculiar
Microbrewer,The Granite Brewery Ontario Inc.,Ringberry
Microbrewer,The Granite Brewery Ontario Inc.,Ringwood
Microbrewer,The Granite Brewery Ontario Inc.,Summer Ale
Microbrewer,The Grove Brewing Corporation,
Microbrewer,The Hamilton Brewery Inc.,Blue Collar Pale Ale
Microbrewer,The Kensington Brewing Company,Augusta Ale
Microbrewer,The Kensington Brewing Company Inc.,Baldwin FishEYE-PA
Microbrewer,The Kensington Brewing Company Inc.,Fruitstand Watermelon Wheat
Microbrewer,The Kensington Brewing Company Inc.,The Fundamental
Microbrewer,The Kensington Brewing Company Inc.,High Maintenance
Microbrewer,The Kensington Brewing Company Inc.,Wit Way Scoo-Tea Go?
Microbrewer,The Kensington Brewing Company Inc.,Bitterly Rye'Teous
Microbrewer,The Kensington Brewing Company Inc.,Coco Beware
Microbrewer,The Napanee Beer Company Inc.,DEADLINE Premium Lager
Microbrewer,The Napanee Beer Company Inc.,BLACKLIST Black German Lager
Microbrewer,The Napanee Beer Company Inc.,MAYDAY Belgian Pale Ale
Microbrewer,The Napanee Beer Company Inc.,EXTREMIST Belgian Pale Ale
Microbrewer,The Partnership of John Philip Davis and Edward Michael Carter o/a Danforth Brewery,
Microbrewer,The Second Wedge Brewing Co.,Elgin Blonde
Microbrewer,The Second Wedge Brewing Co.,Monday Night Piper
Microbrewer,The Second Wedge Brewing Co.,Rain Maker
Microbrewer,The Second Wedge Brewing Co.,3 Rocks
Microbrewer,Together We're Bitter Co-Operative Brewing Inc.,
Microbrewer,Tooth and Nail Brewing Inc,Stamina
Microbrewer,Tooth and Nail Brewing Inc,Rabble-Rouser
Microbrewer,Tooth and Nail Brewing Inc,Vim & Vigor
Microbrewer,Tooth and Nail Brewing Inc,Fortitude
Microbrewer,Tooth and Nail Brewing Inc,Tenacity
Microbrewer,Tooth and Nail Brewing Inc,Pernicious
Microbrewer,Trafalgar Ales and Meads Ltd.,Abbey Belgian
Microbrewer,Trafalgar Ales and Meads Ltd.,Altbier
Microbrewer,Trafalgar Ales and Meads Ltd.,Black Bullet
Microbrewer,Trafalgar Ales and Meads Ltd.,Black Current Mead
Microbrewer,Trafalgar Ales and Meads Ltd.,Blueberry Mead
Microbrewer,Trafalgar Ales and Meads Ltd.,Bock
Microbrewer,Trafalgar Ales and Meads Ltd.,Cedar Cream Ale
Microbrewer,Trafalgar Ales and Meads Ltd.,Celeb Ale
Microbrewer,Trafalgar Ales and Meads Ltd.,Celtic Ale
Microbrewer,Trafalgar Ales and Meads Ltd.,Cherry Ale
Microbrewer,Trafalgar Ales and Meads Ltd.,Citrus Mead
Microbrewer,Trafalgar Ales and Meads Ltd.,Cream Ale
Microbrewer,Trafalgar Ales and Meads Ltd.,Critical Mass
Microbrewer,Trafalgar Ales and Meads Ltd.,Dogbolter
Microbrewer,Trafalgar Ales and Meads Ltd.,Elora ESB
Microbrewer,Trafalgar Ales and Meads Ltd.,Elora Grand Lager
Microbrewer,Trafalgar Ales and Meads Ltd.,Elora Irish
Microbrewer,Trafalgar Ales and Meads Ltd.,Elora Rye
Microbrewer,Trafalgar Ales and Meads Ltd.,First Shadow
Microbrewer,Trafalgar Ales and Meads Ltd.,Granary Wheat
Microbrewer,Trafalgar Ales and Meads Ltd.,Harbour Gold
Microbrewer,Trafalgar Ales and Meads Ltd.,Harvest Moon
Microbrewer,Trafalgar Ales and Meads Ltd.,Hop Neaveau
Microbrewer,Trafalgar Ales and Meads Ltd.,Korruptor
Microbrewer,Trafalgar Ales and Meads Ltd.,Left Coast Pale Ale
Microbrewer,Trafalgar Ales and Meads Ltd.,Malted Corpse
Microbrewer,Trafalgar Ales and Meads Ltd.,Maple Bock
Microbrewer,Trafalgar Ales and Meads Ltd.,Oaked Aged Rye
Microbrewer,Trafalgar Ales and Meads Ltd.,OM CD Gift
Microbrewer,Trafalgar Ales and Meads Ltd.,Paddy's Irish Red
Microbrewer,Trafalgar Ales and Meads Ltd.,Portside Amber
Microbrewer,Trafalgar Ales and Meads Ltd.,Raspberry Mead
Microbrewer,Trafalgar Ales and Meads Ltd.,Red Claw
Microbrewer,Trafalgar Ales and Meads Ltd.,Red Hill Mild
Microbrewer,Trafalgar Ales and Meads Ltd.,Roggenbier
Microbrewer,Trafalgar Ales and Meads Ltd.,Smoked Oatmeal Stout
Microbrewer,Trafalgar Ales and Meads Ltd.,Spiced Pumpkin
Microbrewer,Trafalgar Ales and Meads Ltd.,Triple threat
Microbrewer,Trafalgar Ales and Meads Ltd.,Tropical Mead
Microbrewer,Trafalgar Ales and Meads Ltd.,Vlad's Warmer
Microbrewer,Trafalgar Ales and Meads Ltd.,Wildbery Mead
Microbrewer,Trafalgar Ales and Meads Ltd.,Winter Warmer
Microbrewer,Trestle Brewing Company Limited,
Microbrewer,Trevor Mathew Yvon Lehoux o/a Skeleton Park Brewery,Skeleton Amber
Microbrewer,Turtle Island Brewing Co. Ltd.,Dark Honey Brown
Microbrewer,Turtle Island Brewing Co. Ltd.,SMASH Cherry Ale
Microbrewer,TVBC Holdings Inc (the Publication House Brewery),Eight or Better Belgium
Microbrewer,TVBC Holdings Inc (the Publication House Brewery),Head of the Fest Lager
Microbrewer,TVBC Holdings Inc (the Publication House Brewery),Henry's Irish Ale
Microbrewer,TVBC Holdings Inc (the Publication House Brewery),O.C Rouse Wheat Ale
Microbrewer,TVBC Holdings Inc (the Publication House Brewery),Publican House Ale
Microbrewer,TVBC Holdings Inc (the Publication House Brewery),Square Nail Pale Ale
Microbrewer,TVBC Holdings Inc (the Publication House Brewery),Stonewall Stout
Microbrewer,Twenty Bench Brewing Company Inc.,Bench IPA
Microbrewer,Twenty Bench Brewing Company Inc.,Bench 20 Mile Saison
Microbrewer,Twenty Bench Brewing Company Inc.,Bench Wheat
Microbrewer,Union Jack Brewing Company Ltd.,California Common
Microbrewer,Union Jack Brewing Company Ltd.,Cream Ale
Microbrewer,Upper Thames Brewing Company Limited,
Microbrewer,Versus Beer Company Inc.,
Microbrewer,"Victor Leonard North, Garden Brewers",Piperales
Microbrewer,Vimy Brewing Company Ltd.,
Microbrewer,Walkervile Brewery,Walkerville Pilsner
Microbrewer,Walkerville Brewery,Walkerville Premium Lager
Microbrewer,Waller St. Brewing Inc.,Speakeasy Red
Microbrewer,Waller St. Brewing Inc.,Bootleg Blonde
Microbrewer,Waller St. Brewing Inc.,Moonlight Porter
Microbrewer,Wasaga Beach Brewing Co.,Beach One Cerveza
Microbrewer,Weather Brewery Ltd.,Funandsky
Microbrewer,Weather Brewery Ltd.,Windandrain
Microbrewer,Wellington County Brewery Inc.,Arkell Best Bitter
Microbrewer,Wellington County Brewery Inc.,Imperial Russian Stout
Microbrewer,Wellington County Brewery Inc.,Silver Selection
Microbrewer,Wellington County Brewery Inc.,Silver Wheat Ale
Microbrewer,Wellington County Brewery Inc.,Trailhead Premium Lager
Microbrewer,Wellington County Brewery Inc.,Wellington County Dark Ale
Microbrewer,Wellington County Brewery Inc.,Wellington Iron Duke Strong Ale
Microbrewer,Wellington County Brewery Inc.,Wellington Special Pale Ale
Microbrewer,Whiprsnapr Brewing Co. Inc.,The Root of Evil
Microbrewer,Whiprsnapr Brewing Co. Inc.,Carolanne
Microbrewer,Whiprsnapr Brewing Co. Inc.,Inuckshuck
Microbrewer,Whiprsnapr Brewing Co. Inc.,F'N'L'
Microbrewer,Whiprsnapr Brewing Co. Inc.,The Mick and Blueberry Pancakes
Microbrewer,Whiprsnapr Brewing Co. Inc.,Black Sunshine
Microbrewer,WhiskeyJack Beer Company Ltd.,
Microbrewer,Whitewater Brewing Company,IPA
Microbrewer,Whitewater Brewing Company,English Style Bitter (ESP)
Microbrewer,Whitewater Brewing Company,Stout
Microbrewer,Whitewater Brewing Company,Blonde
Microbrewer,WOLFE ISLAND SPRING CRAFT BREWERY INC.,
Microbrewer,Wolfhead Distillery Inc. o/a Lonsbery Farms Brewing Company,Cream Ale
Microbrewer,Wolfhead Distillery Inc. o/a Lonsbery Farms Brewing Company,Black IPA
Microbrewer,WOODHOUSE BREWING CO. INC.,Woodhouse Lager 
Microbrewer,WOODHOUSE BREWING CO. INC.,Woodhouse IPA
